time_captured,UNH_Volume
2006-01-03,8070600
2006-01-04,5587100
2006-01-05,5626000
2006-01-06,5577800
2006-01-09,8831000
2006-01-10,6238100
2006-01-11,5519600
2006-01-12,5374100
2006-01-13,11005800
2006-01-17,6333200
2006-01-18,7132400
2006-01-19,13390900
2006-01-20,10091900
2006-01-23,9611600
2006-01-24,8251000
2006-01-25,6530200
2006-01-26,9954400
2006-01-27,6419500
2006-01-30,6739700
2006-01-31,10655300
2006-02-01,7522900
2006-02-02,6235200
2006-02-03,5392600
2006-02-06,4891700
2006-02-07,5175800
2006-02-08,7320600
2006-02-09,5747900
2006-02-10,4224000
2006-02-13,3357500
2006-02-14,4771900
2006-02-15,4335400
2006-02-16,5087600
2006-02-17,7065300
2006-02-21,4689100
2006-02-22,5297100
2006-02-23,4772500
2006-02-24,5348000
2006-02-27,3247000
2006-02-28,5301200
2006-03-01,5303500
2006-03-02,5964400
2006-03-03,6531200
2006-03-06,5801500
2006-03-07,6308900
2006-03-08,6063300
2006-03-09,5283300
2006-03-10,6984200
2006-03-13,12402500
2006-03-14,7643900
2006-03-15,6608100
2006-03-16,6071400
2006-03-17,6645800
2006-03-20,4382800
2006-03-21,5928200
2006-03-22,4434600
2006-03-23,5577700
2006-03-24,4957300
2006-03-27,11124900
2006-03-28,12204700
2006-03-29,9508000
2006-03-30,8091500
2006-03-31,9772100
2006-04-03,7603600
2006-04-04,6942200
2006-04-05,5679500
2006-04-06,12067200
2006-04-07,8075300
2006-04-10,19082200
2006-04-11,14552700
2006-04-12,12100500
2006-04-13,7685500
2006-04-17,10399800
2006-04-18,41603500
2006-04-19,41951200
2006-04-20,19329200
2006-04-21,8944200
2006-04-24,11713700
2006-04-25,8586100
2006-04-26,12378400
2006-04-27,29902900
2006-04-28,15282300
2006-05-01,10991600
2006-05-02,11589600
2006-05-03,23876900
2006-05-04,11609300
2006-05-05,13243800
2006-05-08,19360600
2006-05-09,30917000
2006-05-10,29522100
2006-05-11,30198100
2006-05-12,17056600
2006-05-15,11641600
2006-05-16,10948400
2006-05-17,8632100
2006-05-18,17696000
2006-05-19,15507800
2006-05-22,12017500
2006-05-23,12142900
2006-05-24,20168500
2006-05-25,12935100
2006-05-26,8613700
2006-05-30,8673000
2006-05-31,9255000
2006-06-01,11754300
2006-06-02,12669700
2006-06-05,7065100
2006-06-06,6847000
2006-06-07,5291000
2006-06-08,6128300
2006-06-09,5693900
2006-06-12,4527000
2006-06-13,6359800
2006-06-14,5954800
2006-06-15,7777500
2006-06-16,7265300
2006-06-19,6743900
2006-06-20,5288500
2006-06-21,5706700
2006-06-22,6135900
2006-06-23,6156800
2006-06-26,4391200
2006-06-27,4393100
2006-06-28,7270500
2006-06-29,5402100
2006-06-30,7551500
2006-07-03,2175800
2006-07-05,5041900
2006-07-06,5323200
2006-07-07,4568800
2006-07-10,6973100
2006-07-11,15099500
2006-07-12,6576300
2006-07-13,5419500
2006-07-14,5044400
2006-07-17,4743500
2006-07-18,9171400
2006-07-19,17652300
2006-07-20,10539200
2006-07-21,7790900
2006-07-24,7216700
2006-07-25,5764700
2006-07-26,5497400
2006-07-27,15388600
2006-07-28,10645700
2006-07-31,6368200
2006-08-01,4002800
2006-08-02,7799900
2006-08-03,5075000
2006-08-04,5253900
2006-08-07,2982000
2006-08-08,4885300
2006-08-09,3534800
2006-08-10,10787700
2006-08-11,3743600
2006-08-14,4225700
2006-08-15,3074000
2006-08-16,4098200
2006-08-17,5228300
2006-08-18,5029900
2006-08-21,3092200
2006-08-22,3905500
2006-08-23,2216300
2006-08-24,5342400
2006-08-25,2908200
2006-08-28,4092400
2006-08-29,3936200
2006-08-30,4515800
2006-08-31,4325200
2006-09-01,4312600
2006-09-05,4540100
2006-09-06,4551300
2006-09-07,2410100
2006-09-08,3330700
2006-09-11,3799000
2006-09-12,5188600
2006-09-13,3870300
2006-09-14,3341900
2006-09-15,5922100
2006-09-18,5669200
2006-09-19,4244500
2006-09-20,2802900
2006-09-21,4932000
2006-09-22,7753300
2006-09-25,5900300
2006-09-26,5622000
2006-09-27,6510100
2006-09-28,3615500
2006-09-29,5875600
2006-10-02,4924000
2006-10-03,4814500
2006-10-04,5260800
2006-10-05,5943700
2006-10-06,9803400
2006-10-09,3768300
2006-10-10,5325500
2006-10-11,4649000
2006-10-12,5007900
2006-10-13,7707300
2006-10-16,32187700
2006-10-17,15105900
2006-10-18,9840400
2006-10-19,21296900
2006-10-20,12075800
2006-10-23,6835900
2006-10-24,7962100
2006-10-25,13031100
2006-10-26,7952000
2006-10-27,5413500
2006-10-30,5325700
2006-10-31,6353500
2006-11-01,5525900
2006-11-02,5651900
2006-11-03,6677400
2006-11-06,6218500
2006-11-07,9393900
2006-11-08,15684200
2006-11-09,21447600
2006-11-10,10615900
2006-11-13,9117900
2006-11-14,8889300
2006-11-15,7700400
2006-11-16,5271500
2006-11-17,5714800
2006-11-20,6018100
2006-11-21,6132100
2006-11-22,4855300
2006-11-24,1842400
2006-11-27,5617000
2006-11-28,9759800
2006-11-29,8223000
2006-11-30,11435600
2006-12-01,7665900
2006-12-04,7846800
2006-12-05,4601200
2006-12-06,9800000
2006-12-07,10123100
2006-12-08,6141000
2006-12-11,4475300
2006-12-12,7151800
2006-12-13,6556600
2006-12-14,7523100
2006-12-15,7425900
2006-12-18,5465300
2006-12-19,13079400
2006-12-20,10264900
2006-12-21,8171700
2006-12-22,4569100
2006-12-26,2317300
2006-12-27,4915200
2006-12-28,3626500
2006-12-29,4410400
2007-01-03,8361300
2007-01-04,5154600
2007-01-05,6215700
2007-01-08,4344100
2007-01-09,5484000
2007-01-10,5075600
2007-01-11,5491000
2007-01-12,8346500
2007-01-16,8214400
2007-01-17,6743200
2007-01-18,13150100
2007-01-19,8131200
2007-01-22,8795700
2007-01-23,7639700
2007-01-24,8157800
2007-01-25,4976800
2007-01-26,4097600
2007-01-29,5029000
2007-01-30,5881200
2007-01-31,4266600
2007-02-01,4694500
2007-02-02,4959500
2007-02-05,6473200
2007-02-06,10969500
2007-02-07,5172000
2007-02-08,4105700
2007-02-09,4438700
2007-02-12,5510217
2007-02-13,6084716
2007-02-14,5125299
2007-02-15,8389600
2007-02-16,6276600
2007-02-20,6237000
2007-02-21,4792000
2007-02-22,3895000
2007-02-23,4588600
2007-02-26,4700607
2007-02-27,8679200
2007-02-28,7017800
2007-03-01,8698546
2007-03-02,13175700
2007-03-05,9364200
2007-03-06,13281400
2007-03-07,6584500
2007-03-08,6038300
2007-03-09,4786100
2007-03-12,6895600
2007-03-13,10299800
2007-03-14,8599100
2007-03-15,6508200
2007-03-16,12428500
2007-03-19,7729900
2007-03-20,9084056
2007-03-21,13092618
2007-03-22,13125757
2007-03-23,8674100
2007-03-26,9688964
2007-03-27,15167800
2007-03-28,12456100
2007-03-29,26422271
2007-03-30,8706200
2007-04-02,8847400
2007-04-03,9027714
2007-04-04,8705200
2007-04-05,9043761
2007-04-09,8099000
2007-04-10,8314766
2007-04-11,10259650
2007-04-12,5215950
2007-04-13,6946905
2007-04-16,6471199
2007-04-17,12462175
2007-04-18,7377196
2007-04-19,19940897
2007-04-20,13710896
2007-04-23,7865395
2007-04-24,9402272
2007-04-25,14426236
2007-04-26,14477455
2007-04-27,6330869
2007-04-30,7393900
2007-05-01,9132167
2007-05-02,7428866
2007-05-03,7627048
2007-05-04,5999900
2007-05-07,8083480
2007-05-08,8615463
2007-05-09,6941468
2007-05-10,4780787
2007-05-11,7441100
2007-05-14,5883881
2007-05-15,6632000
2007-05-16,6847600
2007-05-17,5022100
2007-05-18,5922540
2007-05-21,6847850
2007-05-22,6655638
2007-05-23,6720909
2007-05-24,8538920
2007-05-25,4909709
2007-05-29,5129620
2007-05-30,4266834
2007-05-31,7305745
2007-06-01,6150663
2007-06-04,4580372
2007-06-05,5688312
2007-06-06,4658080
2007-06-07,6274200
2007-06-08,5842046
2007-06-11,4417100
2007-06-12,6611000
2007-06-13,7288500
2007-06-14,4176115
2007-06-15,7574900
2007-06-18,4339621
2007-06-19,5666400
2007-06-20,12731491
2007-06-21,7153685
2007-06-22,7963166
2007-06-25,6007145
2007-06-26,5170538
2007-06-27,4839727
2007-06-28,6556298
2007-06-29,10128020
2007-07-02,6848400
2007-07-03,2751900
2007-07-05,6865970
2007-07-06,4825746
2007-07-09,7363142
2007-07-10,7001538
2007-07-11,12962800
2007-07-12,12038400
2007-07-13,4476206
2007-07-16,6168215
2007-07-17,5691133
2007-07-18,8996700
2007-07-19,17659310
2007-07-20,9549100
2007-07-23,6812200
2007-07-24,8679500
2007-07-25,8547700
2007-07-26,8760367
2007-07-27,10559500
2007-07-30,7892100
2007-07-31,10434800
2007-08-01,11590817
2007-08-02,10438188
2007-08-03,10970100
2007-08-06,9647900
2007-08-07,9495000
2007-08-08,10244700
2007-08-09,14537200
2007-08-10,11879490
2007-08-13,12147000
2007-08-14,6202000
2007-08-15,10229995
2007-08-16,9655400
2007-08-17,9515800
2007-08-20,7082900
2007-08-21,5806728
2007-08-22,10319200
2007-08-23,5916500
2007-08-24,6220500
2007-08-27,4221280
2007-08-28,5267400
2007-08-29,6245200
2007-08-30,6553300
2007-08-31,9211400
2007-09-04,7922495
2007-09-05,6184200
2007-09-06,4168900
2007-09-07,4200100
2007-09-10,6126100
2007-09-11,5778100
2007-09-12,6619900
2007-09-13,5046800
2007-09-14,7101800
2007-09-17,6284300
2007-09-18,9325000
2007-09-19,7489400
2007-09-20,5387725
2007-09-21,9616400
2007-09-24,12594500
2007-09-25,7868700
2007-09-26,8035400
2007-09-27,7162100
2007-09-28,12939826
2007-10-01,7450800
2007-10-02,8577600
2007-10-03,13404300
2007-10-04,8024000
2007-10-05,7696600
2007-10-08,3853800
2007-10-09,7991400
2007-10-10,13164900
2007-10-11,10103300
2007-10-12,9159246
2007-10-15,8021300
2007-10-16,6462100
2007-10-17,5703600
2007-10-18,20664700
2007-10-19,11601200
2007-10-22,7585700
2007-10-23,6566000
2007-10-24,7371800
2007-10-25,6569800
2007-10-26,6127600
2007-10-29,4789758
2007-10-30,5111600
2007-10-31,9457500
2007-11-01,6727600
2007-11-02,7492801
2007-11-05,6618395
2007-11-06,4751905
2007-11-07,10515701
2007-11-08,7339146
2007-11-09,16514605
2007-11-12,13544015
2007-11-13,11340297
2007-11-14,7846975
2007-11-15,7617652
2007-11-16,8204792
2007-11-19,8233147
2007-11-20,8674123
2007-11-21,7021459
2007-11-23,2963682
2007-11-26,6498880
2007-11-27,7889576
2007-11-28,8769204
2007-11-29,6164543
2007-11-30,6047137
2007-12-03,7170647
2007-12-04,9493122
2007-12-05,10883570
2007-12-06,6724082
2007-12-07,8187618
2007-12-10,11172048
2007-12-11,11885744
2007-12-12,13495148
2007-12-13,8607249
2007-12-14,6930934
2007-12-17,5754523
2007-12-18,6548515
2007-12-19,4457495
2007-12-20,6728769
2007-12-21,11136302
2007-12-24,1934389
2007-12-26,3192208
2007-12-27,4673902
2007-12-28,3744936
2007-12-31,3394803
2008-01-02,7698642
2008-01-03,4863987
2008-01-04,7250577
2008-01-07,6093154
2008-01-08,8142619
2008-01-09,9381745
2008-01-10,6413602
2008-01-11,6135358
2008-01-14,6193946
2008-01-15,6703897
2008-01-16,8403534
2008-01-17,7686395
2008-01-18,9705133
2008-01-22,16447424
2008-01-23,15511571
2008-01-24,11488358
2008-01-25,12519569
2008-01-28,13303903
2008-01-29,9874672
2008-01-30,9819065
2008-01-31,8363275
2008-02-01,7346784
2008-02-04,4484747
2008-02-05,6981225
2008-02-06,6429893
2008-02-07,6909606
2008-02-08,5966149
2008-02-11,6717755
2008-02-12,7282253
2008-02-13,29372046
2008-02-14,7993481
2008-02-15,8616948
2008-02-19,5411278
2008-02-20,5012076
2008-02-21,4833474
2008-02-22,5900727
2008-02-25,6476155
2008-02-26,7154661
2008-02-27,7392303
2008-02-28,5640126
2008-02-29,10785082
2008-03-03,8229227
2008-03-04,8082511
2008-03-05,5994111
2008-03-06,6787915
2008-03-07,7436782
2008-03-10,6178337
2008-03-11,37643904
2008-03-12,35350986
2008-03-13,30377502
2008-03-14,13008391
2008-03-17,21054277
2008-03-18,19637851
2008-03-19,14693623
2008-03-20,12731467
2008-03-24,7288380
2008-03-25,9606459
2008-03-26,15312319
2008-03-27,11709687
2008-03-28,8048467
2008-03-31,14104150
2008-04-01,8888016
2008-04-02,9386935
2008-04-03,11752413
2008-04-04,5706389
2008-04-07,7077786
2008-04-08,12245674
2008-04-09,7126561
2008-04-10,6794677
2008-04-11,7061593
2008-04-14,4541504
2008-04-15,9010054
2008-04-16,11659554
2008-04-17,7013571
2008-04-18,9058752
2008-04-21,8091642
2008-04-22,28720365
2008-04-23,17846648
2008-04-24,10118755
2008-04-25,10066838
2008-04-28,9751950
2008-04-29,10582237
2008-04-30,14294768
2008-05-01,26253132
2008-05-02,12917903
2008-05-05,11348861
2008-05-06,11935678
2008-05-07,8573513
2008-05-08,7207009
2008-05-09,5168426
2008-05-12,5081171
2008-05-13,6171914
2008-05-14,10210850
2008-05-15,16036161
2008-05-16,17738193
2008-05-19,13272334
2008-05-20,19432075
2008-05-21,12848939
2008-05-22,16315546
2008-05-23,12066267
2008-05-27,10347956
2008-05-28,15387442
2008-05-29,11342692
2008-05-30,7643399
2008-06-02,10344773
2008-06-03,9692509
2008-06-04,11208463
2008-06-05,10629723
2008-06-06,12431032
2008-06-09,9009800
2008-06-10,9300151
2008-06-11,11565786
2008-06-12,15830109
2008-06-13,18258365
2008-06-16,11135261
2008-06-17,7366764
2008-06-18,18327408
2008-06-19,51416207
2008-06-20,17675871
2008-06-23,15517485
2008-06-24,13895714
2008-06-25,8488119
2008-06-26,12443457
2008-06-27,20100793
2008-06-30,15309945
2008-07-01,11956477
2008-07-02,27401965
2008-07-03,22790029
2008-07-07,17254038
2008-07-08,23355167
2008-07-09,16844117
2008-07-10,12975621
2008-07-11,14181288
2008-07-14,10634872
2008-07-15,16153117
2008-07-16,19159171
2008-07-17,16010084
2008-07-18,15625189
2008-07-21,13714512
2008-07-22,26170974
2008-07-23,26577933
2008-07-24,11180763
2008-07-25,11244195
2008-07-28,8836917
2008-07-29,7623667
2008-07-30,10489918
2008-07-31,17289999
2008-08-01,10702090
2008-08-04,11467496
2008-08-05,13067573
2008-08-06,9773128
2008-08-07,7074110
2008-08-08,10644195
2008-08-11,7417376
2008-08-12,7479265
2008-08-13,7219320
2008-08-14,7736927
2008-08-15,9848164
2008-08-18,8541579
2008-08-19,12564743
2008-08-20,7075206
2008-08-21,5937807
2008-08-22,6666683
2008-08-25,6565353
2008-08-26,6094988
2008-08-27,5643427
2008-08-28,5952315
2008-08-29,7137231
2008-09-02,12849719
2008-09-03,5111393
2008-09-04,13517404
2008-09-05,10914315
2008-09-08,8881603
2008-09-09,12618444
2008-09-10,8168326
2008-09-11,10032864
2008-09-12,7194779
2008-09-15,10762662
2008-09-16,17588212
2008-09-17,12287849
2008-09-18,12795502
2008-09-19,13050366
2008-09-22,6717467
2008-09-23,6471969
2008-09-24,4907991
2008-09-25,5511663
2008-09-26,4545729
2008-09-29,8695656
2008-09-30,10651381
2008-10-01,7038852
2008-10-02,10096113
2008-10-03,7719381
2008-10-06,12613288
2008-10-07,11135061
2008-10-08,12464158
2008-10-09,18043393
2008-10-10,22748772
2008-10-13,17691898
2008-10-14,14809660
2008-10-15,11158995
2008-10-16,20106242
2008-10-17,17641731
2008-10-20,9741379
2008-10-21,13449791
2008-10-22,15369419
2008-10-23,10879853
2008-10-24,10412255
2008-10-27,11762072
2008-10-28,11760133
2008-10-29,14461372
2008-10-30,9410905
2008-10-31,14807400
2008-11-03,5451340
2008-11-04,10569660
2008-11-05,11476004
2008-11-06,11371718
2008-11-07,7309678
2008-11-10,7234344
2008-11-11,9592148
2008-11-12,8305655
2008-11-13,13802552
2008-11-14,9847894
2008-11-17,8952026
2008-11-18,12303933
2008-11-19,9255901
2008-11-20,13078211
2008-11-21,17653825
2008-11-24,13471615
2008-11-25,13391240
2008-11-26,9609760
2008-11-28,3549751
2008-12-01,11531812
2008-12-02,8941445
2008-12-03,8016670
2008-12-04,7406482
2008-12-05,8246786
2008-12-08,7721725
2008-12-09,8246313
2008-12-10,7030530
2008-12-11,13822095
2008-12-12,8309395
2008-12-15,10733200
2008-12-16,11878554
2008-12-17,8235830
2008-12-18,10149148
2008-12-19,17397975
2008-12-22,8160626
2008-12-23,5920383
2008-12-24,1965630
2008-12-26,2108145
2008-12-29,5507840
2008-12-30,5886734
2008-12-31,5584527
2009-01-02,4885815
2009-01-05,8518883
2009-01-06,7423856
2009-01-07,8236598
2009-01-08,6106889
2009-01-09,5931324
2009-01-12,6242529
2009-01-13,10393846
2009-01-14,7846603
2009-01-15,10735045
2009-01-16,9587841
2009-01-20,8196886
2009-01-21,8206397
2009-01-22,19846564
2009-01-23,14194799
2009-01-26,11989560
2009-01-27,14528103
2009-01-28,16850964
2009-01-29,8842839
2009-01-30,9325031
2009-02-02,9315291
2009-02-03,12366110
2009-02-04,13014184
2009-02-05,13264484
2009-02-06,15279627
2009-02-09,12664788
2009-02-10,12562162
2009-02-11,14523692
2009-02-12,16371825
2009-02-13,9258133
2009-02-17,13398948
2009-02-18,10999314
2009-02-19,10142317
2009-02-20,14396168
2009-02-23,29258772
2009-02-24,13996099
2009-02-25,14347144
2009-02-26,34615483
2009-02-27,19848504
2009-03-02,30819049
2009-03-03,33609853
2009-03-04,30539721
2009-03-05,23364680
2009-03-06,24729589
2009-03-09,13752659
2009-03-10,18763257
2009-03-11,15788749
2009-03-12,15471438
2009-03-13,11715940
2009-03-16,8086074
2009-03-17,12679220
2009-03-18,11402747
2009-03-19,8968498
2009-03-20,13299727
2009-03-23,10351097
2009-03-24,8353693
2009-03-25,14040491
2009-03-26,12733042
2009-03-27,6794502
2009-03-30,8537060
2009-03-31,9877705
2009-04-01,12819384
2009-04-02,14884582
2009-04-03,9655024
2009-04-06,12856561
2009-04-07,21520704
2009-04-08,15949799
2009-04-09,8783606
2009-04-13,10677965
2009-04-14,11141167
2009-04-15,15740592
2009-04-16,12370472
2009-04-17,13915502
2009-04-20,9951180
2009-04-21,23881051
2009-04-22,17248098
2009-04-23,15036715
2009-04-24,14607486
2009-04-27,11906721
2009-04-28,14061190
2009-04-29,11349049
2009-04-30,10731966
2009-05-01,10355658
2009-05-04,9593454
2009-05-05,13812292
2009-05-06,9675457
2009-05-07,17481893
2009-05-08,17012332
2009-05-11,9914677
2009-05-12,9918828
2009-05-13,9800650
2009-05-14,6013067
2009-05-15,8907838
2009-05-18,10816434
2009-05-19,6927510
2009-05-20,9396236
2009-05-21,9292294
2009-05-22,6591446
2009-05-26,10316402
2009-05-27,7596029
2009-05-28,9964031
2009-05-29,11723596
2009-06-01,8329936
2009-06-02,9445484
2009-06-03,11787643
2009-06-04,6605824
2009-06-05,8517669
2009-06-08,10476679
2009-06-09,12184897
2009-06-10,9867465
2009-06-11,31040265
2009-06-12,15141376
2009-06-15,13557646
2009-06-16,14164158
2009-06-17,12150250
2009-06-18,16954915
2009-06-19,21833520
2009-06-22,9727577
2009-06-23,9052058
2009-06-24,9147491
2009-06-25,14774329
2009-06-26,15565389
2009-06-29,7976341
2009-06-30,10177323
2009-07-01,6875245
2009-07-02,10399334
2009-07-06,7908068
2009-07-07,19892344
2009-07-08,11864871
2009-07-09,8967720
2009-07-10,5621486
2009-07-13,5807850
2009-07-14,9708503
2009-07-15,12532507
2009-07-16,11892405
2009-07-17,9050094
2009-07-20,8006856
2009-07-21,12851001
2009-07-22,11308175
2009-07-23,9956208
2009-07-24,7960984
2009-07-27,7031767
2009-07-28,17733576
2009-07-29,17007730
2009-07-30,13690760
2009-07-31,8317462
2009-08-03,12186891
2009-08-04,8509521
2009-08-05,7892469
2009-08-06,11043583
2009-08-07,8506941
2009-08-10,7704976
2009-08-11,11763336
2009-08-12,6901976
2009-08-13,7858601
2009-08-14,6718359
2009-08-17,14909469
2009-08-18,8270634
2009-08-19,7561825
2009-08-20,8741213
2009-08-21,8182842
2009-08-24,11907999
2009-08-25,10207820
2009-08-26,10144014
2009-08-27,7784154
2009-08-28,9074485
2009-08-31,7603861
2009-09-01,10170988
2009-09-02,14380373
2009-09-03,10479593
2009-09-04,5837460
2009-09-08,13755559
2009-09-09,10974996
2009-09-10,9136409
2009-09-11,5430542
2009-09-14,7356174
2009-09-15,13570974
2009-09-16,14119024
2009-09-17,11461260
2009-09-18,15699556
2009-09-21,8258327
2009-09-22,12949948
2009-09-23,15226940
2009-09-24,13995875
2009-09-25,16839057
2009-09-28,8795546
2009-09-29,23216259
2009-09-30,22936440
2009-10-01,17211116
2009-10-02,11219597
2009-10-05,12438219
2009-10-06,11192333
2009-10-07,12081637
2009-10-08,24531669
2009-10-09,16555413
2009-10-12,13953856
2009-10-13,19010542
2009-10-14,9801931
2009-10-15,11123540
2009-10-16,12366933
2009-10-19,10273786
2009-10-20,21393044
2009-10-21,11960907
2009-10-22,13757185
2009-10-23,8293338
2009-10-26,14347751
2009-10-27,20485711
2009-10-28,11506087
2009-10-29,13044117
2009-10-30,11745684
2009-11-02,8189541
2009-11-03,11443622
2009-11-04,22424718
2009-11-05,11994660
2009-11-06,11892011
2009-11-09,11751832
2009-11-10,8063263
2009-11-11,8794179
2009-11-12,8428550
2009-11-13,6276721
2009-11-16,8281410
2009-11-17,6103304
2009-11-18,7327504
2009-11-19,6990988
2009-11-20,9009124
2009-11-23,9624876
2009-11-24,7241093
2009-11-25,8061921
2009-11-27,5456413
2009-11-30,12637951
2009-12-01,9706018
2009-12-02,11500428
2009-12-03,15325671
2009-12-04,11814630
2009-12-07,11280965
2009-12-08,15897591
2009-12-09,19107599
2009-12-10,27527211
2009-12-11,19072710
2009-12-14,20358853
2009-12-15,28991143
2009-12-16,34897727
2009-12-17,14803375
2009-12-18,15696248
2009-12-21,24416173
2009-12-22,10358870
2009-12-23,9500028
2009-12-24,4963305
2009-12-28,7969095
2009-12-29,9199977
2009-12-30,5806489
2009-12-31,5354172
2010-01-04,12200889
2010-01-05,11180637
2010-01-06,9761055
2010-01-07,11789733
2010-01-08,7228608
2010-01-11,7206888
2010-01-12,13121493
2010-01-13,8797146
2010-01-14,8818228
2010-01-15,19384561
2010-01-19,26477874
2010-01-20,26857456
2010-01-21,29192839
2010-01-22,21029880
2010-01-25,10925956
2010-01-26,11057362
2010-01-27,14387078
2010-01-28,16746126
2010-01-29,11931428
2010-02-01,13710156
2010-02-02,12114753
2010-02-03,8410394
2010-02-04,10648428
2010-02-05,12665999
2010-02-08,9558175
2010-02-09,11236471
2010-02-10,10755123
2010-02-11,7857511
2010-02-12,11688627
2010-02-16,13934182
2010-02-17,11690894
2010-02-18,10327057
2010-02-19,11509146
2010-02-22,16338794
2010-02-23,10746496
2010-02-24,10983442
2010-02-25,14779431
2010-02-26,9684668
2010-03-01,10970710
2010-03-02,7081656
2010-03-03,8089726
2010-03-04,17386580
2010-03-05,8133603
2010-03-08,7734821
2010-03-09,8771091
2010-03-10,7418967
2010-03-11,14678164
2010-03-12,9450317
2010-03-15,13520036
2010-03-16,12932788
2010-03-17,10614383
2010-03-18,15407223
2010-03-19,21827590
2010-03-22,20220741
2010-03-23,11409764
2010-03-24,10834416
2010-03-25,14786111
2010-03-26,8750960
2010-03-29,7967139
2010-03-30,7253089
2010-03-31,6961693
2010-04-01,6713391
2010-04-05,6728449
2010-04-06,9430860
2010-04-07,8395831
2010-04-08,11174542
2010-04-09,12831402
2010-04-12,8763283
2010-04-13,11119055
2010-04-14,16500142
2010-04-15,25272387
2010-04-16,15356112
2010-04-19,13524844
2010-04-20,26564756
2010-04-21,13735756
2010-04-22,14149043
2010-04-23,14798989
2010-04-26,16604541
2010-04-27,16204339
2010-04-28,13270842
2010-04-29,13609439
2010-04-30,15545818
2010-05-03,9553418
2010-05-04,11745379
2010-05-05,11360735
2010-05-06,10439437
2010-05-07,14197706
2010-05-10,9060026
2010-05-11,9614453
2010-05-12,11345382
2010-05-13,7148320
2010-05-14,12201126
2010-05-17,8668901
2010-05-18,8908506
2010-05-19,10095908
2010-05-20,10195468
2010-05-21,11502727
2010-05-24,7996674
2010-05-25,8547806
2010-05-26,9613063
2010-05-27,6502005
2010-05-28,11697785
2010-06-01,8178415
2010-06-02,7967781
2010-06-03,8064766
2010-06-04,16676238
2010-06-07,16847337
2010-06-08,18435496
2010-06-09,10126397
2010-06-10,11766508
2010-06-11,9072656
2010-06-14,8390074
2010-06-15,9569156
2010-06-16,10151909
2010-06-17,9370781
2010-06-18,10244034
2010-06-21,7110408
2010-06-22,6578112
2010-06-23,8358327
2010-06-24,8952527
2010-06-25,14216029
2010-06-28,9883786
2010-06-29,14391081
2010-06-30,11078637
2010-07-01,15600848
2010-07-02,9312848
2010-07-06,13394918
2010-07-07,8978451
2010-07-08,8996396
2010-07-09,6971085
2010-07-12,8901867
2010-07-13,6905032
2010-07-14,4711093
2010-07-15,9214410
2010-07-16,9411266
2010-07-19,8575418
2010-07-20,13493810
2010-07-21,8884369
2010-07-22,9202564
2010-07-23,5746905
2010-07-26,5478900
2010-07-27,11857683
2010-07-28,7983162
2010-07-29,5540207
2010-07-30,4893104
2010-08-02,7441760
2010-08-03,9956082
2010-08-04,9379601
2010-08-05,7829560
2010-08-06,7479318
2010-08-09,6059351
2010-08-10,7957590
2010-08-11,17251810
2010-08-12,8997995
2010-08-13,6868575
2010-08-16,5231875
2010-08-17,5545644
2010-08-18,6444886
2010-08-19,7067661
2010-08-20,5330180
2010-08-23,5077238
2010-08-24,7510493
2010-08-25,10923979
2010-08-26,9948234
2010-08-27,7051361
2010-08-30,7173149
2010-08-31,8650705
2010-09-01,8624362
2010-09-02,5429960
2010-09-03,7761317
2010-09-07,6832059
2010-09-08,8552298
2010-09-09,7507044
2010-09-10,8940658
2010-09-13,7101392
2010-09-14,8716164
2010-09-15,11169566
2010-09-16,6154464
2010-09-17,7286881
2010-09-20,5639702
2010-09-21,6427979
2010-09-22,7184233
2010-09-23,6711746
2010-09-24,8558016
2010-09-27,7505298
2010-09-28,8410230
2010-09-29,7872501
2010-09-30,7847607
2010-10-01,6504080
2010-10-04,5884447
2010-10-05,6887401
2010-10-06,13816550
2010-10-07,6878832
2010-10-08,6022271
2010-10-11,6747512
2010-10-12,6766258
2010-10-13,8050023
2010-10-14,10277136
2010-10-15,7825153
2010-10-18,8035590
2010-10-19,13178176
2010-10-20,10386482
2010-10-21,6840114
2010-10-22,6622952
2010-10-25,7456076
2010-10-26,8050518
2010-10-27,12701739
2010-10-28,6281528
2010-10-29,6696843
2010-11-01,7671791
2010-11-02,9987941
2010-11-03,10730696
2010-11-04,6839667
2010-11-05,7190354
2010-11-08,4370462
2010-11-09,6029668
2010-11-10,8385003
2010-11-11,5396350
2010-11-12,7373862
2010-11-15,9126959
2010-11-16,10849998
2010-11-17,9577978
2010-11-18,9207876
2010-11-19,14341539
2010-11-22,14972422
2010-11-23,6579434
2010-11-24,6306041
2010-11-26,2972163
2010-11-29,10898915
2010-11-30,12041811
2010-12-01,11013477
2010-12-02,8600155
2010-12-03,5383126
2010-12-06,5179839
2010-12-07,8523857
2010-12-08,5753639
2010-12-09,8309682
2010-12-10,7979268
2010-12-13,11123944
2010-12-14,8351708
2010-12-15,13520141
2010-12-16,10177758
2010-12-17,18279896
2010-12-20,6407873
2010-12-21,6873812
2010-12-22,5114991
2010-12-23,3809186
2010-12-27,2810582
2010-12-28,3082878
2010-12-29,3593666
2010-12-30,2865463
2010-12-31,2827973
2011-01-03,8212383
2011-01-04,6724251
2011-01-05,7528239
2011-01-06,7157390
2011-01-07,6437654
2011-01-10,5725287
2011-01-11,5569606
2011-01-12,5872324
2011-01-13,8618163
2011-01-14,10561701
2011-01-18,6738852
2011-01-19,9424923
2011-01-20,11293020
2011-01-21,7384161
2011-01-24,7604095
2011-01-25,10000850
2011-01-26,8937901
2011-01-27,13558481
2011-01-28,7767385
2011-01-31,7320483
2011-02-01,9074631
2011-02-02,4285720
2011-02-03,14832587
2011-02-04,8338493
2011-02-07,7114183
2011-02-08,5618448
2011-02-09,5232496
2011-02-10,5457120
2011-02-11,5051012
2011-02-14,3752430
2011-02-15,4392658
2011-02-16,4993651
2011-02-17,4823339
2011-02-18,6034836
2011-02-22,10739194
2011-02-23,7102460
2011-02-24,6314071
2011-02-25,5500170
2011-02-28,6645528
2011-03-01,5547492
2011-03-02,7234153
2011-03-03,8740141
2011-03-04,5624979
2011-03-07,6086052
2011-03-08,4698296
2011-03-09,4555189
2011-03-10,5132412
2011-03-11,4775985
2011-03-14,4520393
2011-03-15,4401843
2011-03-16,7151012
2011-03-17,5853932
2011-03-18,7381139
2011-03-21,4592964
2011-03-22,4509745
2011-03-23,3348386
2011-03-24,3919220
2011-03-25,4194207
2011-03-28,3531519
2011-03-29,4204898
2011-03-30,6538722
2011-03-31,5376068
2011-04-01,4515231
2011-04-04,3500419
2011-04-05,4953600
2011-04-06,5160350
2011-04-07,7708808
2011-04-08,4725729
2011-04-11,6049088
2011-04-12,3959174
2011-04-13,4769199
2011-04-14,4720113
2011-04-15,5784738
2011-04-18,6726479
2011-04-19,5732311
2011-04-20,5175388
2011-04-21,18373214
2011-04-25,6652062
2011-04-26,10519141
2011-04-27,10514635
2011-04-28,7916928
2011-04-29,9547311
2011-05-02,9860212
2011-05-03,5883384
2011-05-04,7555501
2011-05-05,7398512
2011-05-06,6301518
2011-05-09,5665738
2011-05-10,5640259
2011-05-11,6198326
2011-05-12,5314679
2011-05-13,11100058
2011-05-16,6020510
2011-05-17,7230630
2011-05-18,7146118
2011-05-19,6105182
2011-05-20,10829962
2011-05-23,6743841
2011-05-24,9573245
2011-05-25,9448441
2011-05-26,11922870
2011-05-27,6039574
2011-05-31,6411922
2011-06-01,6614793
2011-06-02,8258664
2011-06-03,7949214
2011-06-06,5187363
2011-06-07,4537291
2011-06-08,6564143
2011-06-09,11529941
2011-06-10,8545329
2011-06-13,6362120
2011-06-14,6987098
2011-06-15,8991256
2011-06-16,9101158
2011-06-17,9677551
2011-06-20,8987610
2011-06-21,9781680
2011-06-22,7000793
2011-06-23,9979960
2011-06-24,7398585
2011-06-27,4545018
2011-06-28,5957117
2011-06-29,5630044
2011-06-30,6393994
2011-07-01,8153482
2011-07-05,4822258
2011-07-06,5319041
2011-07-07,7559042
2011-07-08,6927233
2011-07-11,6037498
2011-07-12,6631623
2011-07-13,4869337
2011-07-14,7167533
2011-07-15,7030795
2011-07-18,7257776
2011-07-19,13946570
2011-07-20,7748998
2011-07-21,7831851
2011-07-22,5720209
2011-07-25,6533428
2011-07-26,5670009
2011-07-27,10581895
2011-07-28,7703592
2011-07-29,10761825
2011-08-01,23228850
2011-08-02,10060448
2011-08-03,8304485
2011-08-04,10154457
2011-08-05,14313657
2011-08-08,24211974
2011-08-09,19959731
2011-08-10,12690234
2011-08-11,13915767
2011-08-12,9500503
2011-08-15,8314603
2011-08-16,10044464
2011-08-17,4924321
2011-08-18,9901290
2011-08-19,8883075
2011-08-22,7164063
2011-08-23,9080242
2011-08-24,6286092
2011-08-25,5886841
2011-08-26,6009841
2011-08-29,4044386
2011-08-30,6002563
2011-08-31,6516313
2011-09-01,6493759
2011-09-02,5102763
2011-09-06,6797685
2011-09-07,6823682
2011-09-08,7435111
2011-09-09,9075920
2011-09-12,8216079
2011-09-13,11931919
2011-09-14,10108302
2011-09-15,11326103
2011-09-16,11790855
2011-09-19,8956417
2011-09-20,8439925
2011-09-21,7002777
2011-09-22,10065187
2011-09-23,7129905
2011-09-26,7147311
2011-09-27,8030583
2011-09-28,7338864
2011-09-29,9154466
2011-09-30,10485348
2011-10-03,12717099
2011-10-04,13772131
2011-10-05,8455775
2011-10-06,5804824
2011-10-07,5962872
2011-10-10,4752099
2011-10-11,4639558
2011-10-12,7267345
2011-10-13,5034573
2011-10-14,6074012
2011-10-17,5945680
2011-10-18,23926861
2011-10-19,12250577
2011-10-20,7985267
2011-10-21,9218720
2011-10-24,7146191
2011-10-25,7477071
2011-10-26,10387572
2011-10-27,10026478
2011-10-28,6377295
2011-10-31,6164984
2011-11-01,11128751
2011-11-02,7858058
2011-11-03,6721400
2011-11-04,8010319
2011-11-07,7918999
2011-11-08,7086398
2011-11-09,6423199
2011-11-10,5479631
2011-11-11,5104450
2011-11-14,4734130
2011-11-15,4911563
2011-11-16,8053779
2011-11-17,8147841
2011-11-18,5972267
2011-11-21,6656234
2011-11-22,4758849
2011-11-23,5515718
2011-11-25,2985008
2011-11-28,8826318
2011-11-29,6458844
2011-11-30,11702409
2011-12-01,7021438
2011-12-02,7639042
2011-12-05,8135395
2011-12-06,8307091
2011-12-07,10200456
2011-12-08,8641802
2011-12-09,5713434
2011-12-12,4947646
2011-12-13,5269155
2011-12-14,7513468
2011-12-15,9354188
2011-12-16,10214104
2011-12-19,5877392
2011-12-20,6053213
2011-12-21,6694975
2011-12-22,4627009
2011-12-23,3897922
2011-12-27,2999274
2011-12-28,2959503
2011-12-29,3773961
2011-12-30,2205374
2012-01-03,6020911
2012-01-04,5406302
2012-01-05,6330034
2012-01-06,5321689
2012-01-09,5079215
2012-01-10,7063286
2012-01-11,4281555
2012-01-12,4550250
2012-01-13,4996463
2012-01-17,6495642
2012-01-18,8390363
2012-01-19,18656686
2012-01-20,8873743
2012-01-23,7535871
2012-01-24,10398351
2012-01-25,13121801
2012-01-26,13576202
2012-01-27,7027294
2012-01-30,4852519
2012-01-31,8843837
2012-02-01,7480690
2012-02-02,5319166
2012-02-03,9676831
2012-02-06,8577093
2012-02-07,5244391
2012-02-08,6023817
2012-02-09,9613480
2012-02-10,6574639
2012-02-13,5703658
2012-02-14,5981928
2012-02-15,7009205
2012-02-16,6908597
2012-02-17,6389123
2012-02-21,7502146
2012-02-22,6760082
2012-02-23,7195731
2012-02-24,5004519
2012-02-27,5355858
2012-02-28,4538261
2012-02-29,5590562
2012-03-01,4258269
2012-03-02,4408834
2012-03-05,4739828
2012-03-06,4445603
2012-03-07,4474827
2012-03-08,4883552
2012-03-09,4743169
2012-03-12,4566991
2012-03-13,6497338
2012-03-14,6683971
2012-03-15,4598679
2012-03-16,8522596
2012-03-19,5348238
2012-03-20,5378589
2012-03-21,6252498
2012-03-22,7550884
2012-03-23,6471178
2012-03-26,5098443
2012-03-27,7455891
2012-03-28,5435236
2012-03-29,17258411
2012-03-30,10802989
2012-04-02,9105836
2012-04-03,7949404
2012-04-04,4791215
2012-04-05,4826711
2012-04-09,4755549
2012-04-10,5841672
2012-04-11,6505647
2012-04-12,4306319
2012-04-13,5657803
2012-04-16,6627912
2012-04-17,5896276
2012-04-18,6551372
2012-04-19,10754431
2012-04-20,8378773
2012-04-23,4471747
2012-04-24,5030530
2012-04-25,6091295
2012-04-26,9385865
2012-04-27,6899992
2012-04-30,9874437
2012-05-01,4887577
2012-05-02,5176378
2012-05-03,7302627
2012-05-04,5787453
2012-05-07,4079165
2012-05-08,4712817
2012-05-09,6636070
2012-05-10,4030888
2012-05-11,3937729
2012-05-14,4634246
2012-05-15,5514484
2012-05-16,4036134
2012-05-17,5465204
2012-05-18,6420390
2012-05-21,4825896
2012-05-22,5832164
2012-05-23,4671726
2012-05-24,7192362
2012-05-25,4306426
2012-05-29,5007060
2012-05-30,4398057
2012-05-31,6344840
2012-06-01,5704063
2012-06-04,5508004
2012-06-05,6112195
2012-06-06,6776658
2012-06-07,7249049
2012-06-08,6406963
2012-06-11,6236349
2012-06-12,6023821
2012-06-13,6373587
2012-06-14,6649767
2012-06-15,9024364
2012-06-18,9717995
2012-06-19,8602370
2012-06-20,4344967
2012-06-21,5320447
2012-06-22,7499404
2012-06-25,6886101
2012-06-26,7458716
2012-06-27,7090320
2012-06-28,25319863
2012-06-29,11126429
2012-07-02,12997990
2012-07-03,8460148
2012-07-05,6937772
2012-07-06,4458578
2012-07-09,4241413
2012-07-10,5662631
2012-07-11,5316344
2012-07-12,6079151
2012-07-13,5052968
2012-07-16,3170021
2012-07-17,6179923
2012-07-18,5090235
2012-07-19,16697699
2012-07-20,8367364
2012-07-23,6036970
2012-07-24,7561085
2012-07-25,19603853
2012-07-26,10510579
2012-07-27,8569813
2012-07-30,4405713
2012-07-31,9881048
2012-08-01,7617681
2012-08-02,7320490
2012-08-03,6407960
2012-08-06,4982580
2012-08-07,6590718
2012-08-08,5717902
2012-08-09,4890650
2012-08-10,5381821
2012-08-13,4259847
2012-08-14,3460167
2012-08-15,4647221
2012-08-16,5598864
2012-08-17,4654674
2012-08-20,4930411
2012-08-21,5323882
2012-08-22,5367036
2012-08-23,4450296
2012-08-24,4143156
2012-08-27,4773589
2012-08-28,4611647
2012-08-29,4611807
2012-08-30,5188140
2012-08-31,5071416
2012-09-04,4233881
2012-09-05,4167295
2012-09-06,3742561
2012-09-07,3732617
2012-09-10,5447921
2012-09-11,6575605
2012-09-12,4833972
2012-09-13,6316573
2012-09-14,15736760
2012-09-17,5481644
2012-09-18,6600343
2012-09-19,6195973
2012-09-20,5776618
2012-09-21,26635592
2012-09-24,6443772
2012-09-25,6343596
2012-09-26,5561956
2012-09-27,4245333
2012-09-28,5838087
2012-10-01,4424511
2012-10-02,3828676
2012-10-03,4662805
2012-10-04,6897286
2012-10-05,6078474
2012-10-08,6050704
2012-10-09,5093281
2012-10-10,4142006
2012-10-11,5035863
2012-10-12,4283814
2012-10-15,4193266
2012-10-16,7531785
2012-10-17,6255692
2012-10-18,5384478
2012-10-19,5704973
2012-10-22,5723576
2012-10-23,5557353
2012-10-24,4544997
2012-10-25,4701829
2012-10-26,3346671
2012-10-31,4157763
2012-11-01,4836865
2012-11-02,4948669
2012-11-05,6149504
2012-11-06,4883355
2012-11-07,13821400
2012-11-08,8846192
2012-11-09,8585779
2012-11-12,5943902
2012-11-13,5669823
2012-11-14,5792449
2012-11-15,6669138
2012-11-16,6387985
2012-11-19,5868893
2012-11-20,4737774
2012-11-21,5096984
2012-11-23,1709204
2012-11-26,5692836
2012-11-27,7859321
2012-11-28,5744206
2012-11-29,10911555
2012-11-30,7818970
2012-12-03,3861828
2012-12-04,5948894
2012-12-05,4503388
2012-12-06,3780290
2012-12-07,4206127
2012-12-10,4113499
2012-12-11,4970823
2012-12-12,7053932
2012-12-13,4911760
2012-12-14,3468686
2012-12-17,6337578
2012-12-18,4637944
2012-12-19,5537583
2012-12-20,5026169
2012-12-21,9441198
2012-12-24,1713852
2012-12-26,3232395
2012-12-27,3245612
2012-12-28,3137345
2012-12-31,4949986
2013-01-02,5358064
2013-01-03,14415179
2013-01-04,10463415
2013-01-07,7804582
2013-01-08,8204814
2013-01-09,5154290
2013-01-10,6506693
2013-01-11,10192172
2013-01-14,7119894
2013-01-15,5802879
2013-01-16,6475374
2013-01-17,14439509
2013-01-18,7024375
2013-01-22,9331218
2013-01-23,6665647
2013-01-24,4221619
2013-01-25,5627550
2013-01-28,5737249
2013-01-29,7317715
2013-01-30,6269550
2013-01-31,6957576
2013-02-01,6370185
2013-02-04,4795690
2013-02-05,8645483
2013-02-06,5266009
2013-02-07,6050963
2013-02-08,4554801
2013-02-11,4166702
2013-02-12,4448507
2013-02-13,4261103
2013-02-14,5173937
2013-02-15,5751137
2013-02-19,14567931
2013-02-20,7545789
2013-02-21,6357223
2013-02-22,8405327
2013-02-25,6811904
2013-02-26,6325376
2013-02-27,5134593
2013-02-28,5881484
2013-03-01,6973518
2013-03-04,4783613
2013-03-05,4911616
2013-03-06,5563059
2013-03-07,4456669
2013-03-08,4587054
2013-03-11,4009454
2013-03-12,5466383
2013-03-13,4346311
2013-03-14,5067591
2013-03-15,7888596
2013-03-18,5974187
2013-03-19,5486903
2013-03-20,4529672
2013-03-21,4954005
2013-03-22,5417919
2013-03-25,5142459
2013-03-26,6059677
2013-03-27,8525946
2013-03-28,5686196
2013-04-01,9009075
2013-04-02,22665570
2013-04-03,10141189
2013-04-04,7650487
2013-04-05,6841379
2013-04-08,4545510
2013-04-09,4411108
2013-04-10,4400519
2013-04-11,4739163
2013-04-12,4162014
2013-04-15,4637449
2013-04-16,4976365
2013-04-17,8430159
2013-04-18,14014987
2013-04-19,6524667
2013-04-22,6026902
2013-04-23,6285243
2013-04-24,5882946
2013-04-25,5669569
2013-04-26,5803012
2013-04-29,4865669
2013-04-30,5701813
2013-05-01,4897720
2013-05-02,6072808
2013-05-03,5151225
2013-05-06,5609564
2013-05-07,4830638
2013-05-08,10035597
2013-05-09,6416636
2013-05-10,5015656
2013-05-13,3490372
2013-05-14,5391974
2013-05-15,6808388
2013-05-16,6905157
2013-05-17,5840730
2013-05-20,2688144
2013-05-21,3248961
2013-05-22,6317440
2013-05-23,4479061
2013-05-24,4697868
2013-05-28,5341245
2013-05-29,5009278
2013-05-30,5674292
2013-05-31,5891184
2013-06-03,3757465
2013-06-04,5151061
2013-06-05,5380035
2013-06-06,4711462
2013-06-07,5218723
2013-06-10,5256504
2013-06-11,6051465
2013-06-12,3891093
2013-06-13,4379530
2013-06-14,3116346
2013-06-17,4974919
2013-06-18,5183233
2013-06-19,6370653
2013-06-20,5750788
2013-06-21,7807058
2013-06-24,5725028
2013-06-25,4963504
2013-06-26,4854856
2013-06-27,4487937
2013-06-28,6870317
2013-07-01,3737190
2013-07-02,4485410
2013-07-03,2277651
2013-07-05,2356427
2013-07-08,6196785
2013-07-09,4275660
2013-07-10,4375311
2013-07-11,6590148
2013-07-12,4647369
2013-07-15,3813566
2013-07-16,5459552
2013-07-17,8904728
2013-07-18,14085522
2013-07-19,7505182
2013-07-22,5039435
2013-07-23,3934764
2013-07-24,6023237
2013-07-25,3840562
2013-07-26,3825941
2013-07-29,3835619
2013-07-30,5375404
2013-07-31,5964715
2013-08-01,3254017
2013-08-02,3622451
2013-08-05,2871091
2013-08-06,3089540
2013-08-07,2812036
2013-08-08,2171566
2013-08-09,2556899
2013-08-12,3043365
2013-08-13,2627394
2013-08-14,3078963
2013-08-15,3403334
2013-08-16,3323573
2013-08-19,2797055
2013-08-20,3112234
2013-08-21,3314236
2013-08-22,2959424
2013-08-23,3218469
2013-08-26,2801553
2013-08-27,3626382
2013-08-28,3297865
2013-08-29,5243530
2013-08-30,4186242
2013-09-03,3801494
2013-09-04,3335246
2013-09-05,2861586
2013-09-06,3584069
2013-09-09,2632130
2013-09-10,3925413
2013-09-11,3816211
2013-09-12,2823858
2013-09-13,3420970
2013-09-16,4228744
2013-09-17,5138242
2013-09-18,7727042
2013-09-19,8323451
2013-09-20,9094807
2013-09-23,4482611
2013-09-24,4855111
2013-09-25,4813944
2013-09-26,2413165
2013-09-27,3549209
2013-09-30,4183642
2013-10-01,4326154
2013-10-02,2705731
2013-10-03,5038426
2013-10-04,4297567
2013-10-07,4786970
2013-10-08,6049817
2013-10-09,4464275
2013-10-10,4894764
2013-10-11,2935812
2013-10-14,2562379
2013-10-15,2922868
2013-10-16,4368632
2013-10-17,21810501
2013-10-18,21081409
2013-10-21,11496942
2013-10-22,7648559
2013-10-23,8227678
2013-10-24,6352512
2013-10-25,6894021
2013-10-28,6989268
2013-10-29,5860047
2013-10-30,4360521
2013-10-31,4216661
2013-11-01,4459213
2013-11-04,3698929
2013-11-05,3335122
2013-11-06,5486273
2013-11-07,4498324
2013-11-08,3741901
2013-11-11,3082593
2013-11-12,3604788
2013-11-13,3880757
2013-11-14,3581223
2013-11-15,3872799
2013-11-18,3264201
2013-11-19,4260942
2013-11-20,5031313
2013-11-21,4368036
2013-11-22,3186025
2013-11-25,3773872
2013-11-26,4635376
2013-11-27,3640581
2013-11-29,2025591
2013-12-02,4276029
2013-12-03,5162395
2013-12-04,5557013
2013-12-05,4105156
2013-12-06,3886028
2013-12-09,3989387
2013-12-10,3741085
2013-12-11,7304255
2013-12-12,5815289
2013-12-13,4741706
2013-12-16,4369520
2013-12-17,4281899
2013-12-18,4975696
2013-12-19,4359199
2013-12-20,7511469
2013-12-23,3271003
2013-12-24,1253543
2013-12-26,2121027
2013-12-27,2860286
2013-12-30,1983755
2013-12-31,2279959
2014-01-02,3066950
2014-01-03,3206426
2014-01-06,3425634
2014-01-07,6545505
2014-01-08,6173225
2014-01-09,6291462
2014-01-10,6640391
2014-01-13,5248809
2014-01-14,5783945
2014-01-15,7044079
2014-01-16,8893571
2014-01-17,5555269
2014-01-21,6379381
2014-01-22,4920174
2014-01-23,5050598
2014-01-24,5643803
2014-01-27,4233604
2014-01-28,2933050
2014-01-29,6005149
2014-01-30,4254018
2014-01-31,4291488
2014-02-03,4532683
2014-02-04,4646147
2014-02-05,4394316
2014-02-06,4765611
2014-02-07,6954929
2014-02-10,7778767
2014-02-11,5547440
2014-02-12,4120630
2014-02-13,3787957
2014-02-14,6868841
2014-02-18,5538437
2014-02-19,3926547
2014-02-20,4134029
2014-02-21,4561973
2014-02-24,9569735
2014-02-25,3762240
2014-02-26,5433154
2014-02-27,4227261
2014-02-28,6176557
2014-03-03,3673405
2014-03-04,5171180
2014-03-05,3934324
2014-03-06,4200499
2014-03-07,3434762
2014-03-10,2986435
2014-03-11,3471320
2014-03-12,2875361
2014-03-13,3178656
2014-03-14,5128657
2014-03-17,3517946
2014-03-18,3670775
2014-03-19,9060088
2014-03-20,7786538
2014-03-21,11828107
2014-03-24,5306212
2014-03-25,4590186
2014-03-26,6909988
2014-03-27,5453852
2014-03-28,4787407
2014-03-31,3513665
2014-04-01,4339860
2014-04-02,3832145
2014-04-03,4215604
2014-04-04,4788119
2014-04-07,5290330
2014-04-08,4048983
2014-04-09,3308856
2014-04-10,4850066
2014-04-11,3418743
2014-04-14,4013706
2014-04-15,4719051
2014-04-16,8098381
2014-04-17,13427199
2014-04-21,6912457
2014-04-22,6199367
2014-04-23,4645725
2014-04-24,4604993
2014-04-25,5416238
2014-04-28,5346755
2014-04-29,4813169
2014-04-30,6435883
2014-05-01,4597953
2014-05-02,3794748
2014-05-05,4476125
2014-05-06,4728216
2014-05-07,6383483
2014-05-08,4943133
2014-05-09,3465602
2014-05-12,3110874
2014-05-13,3059008
2014-05-14,2635300
2014-05-15,3075204
2014-05-16,2974554
2014-05-19,2149084
2014-05-20,2806514
2014-05-21,2401209
2014-05-22,3147002
2014-05-23,2251500
2014-05-27,2645515
2014-05-28,2250873
2014-05-29,3526776
2014-05-30,5139572
2014-06-02,1986392
2014-06-03,2841136
2014-06-04,3552853
2014-06-05,3453679
2014-06-06,3286592
2014-06-09,2801673
2014-06-10,2459185
2014-06-11,2733575
2014-06-12,2559953
2014-06-13,2265154
2014-06-16,4547770
2014-06-17,3430890
2014-06-18,4823037
2014-06-19,4544281
2014-06-20,7366539
2014-06-23,3066875
2014-06-24,4685483
2014-06-25,3634609
2014-06-26,2916113
2014-06-27,4755622
2014-06-30,3916130
2014-07-01,5482404
2014-07-02,3693498
2014-07-03,2183356
2014-07-07,2558521
2014-07-08,2972233
2014-07-09,3079544
2014-07-10,3829357
2014-07-11,2758370
2014-07-14,3800692
2014-07-15,4375967
2014-07-16,3955246
2014-07-17,7118352
2014-07-18,3892050
2014-07-21,4025054
2014-07-22,4366881
2014-07-23,2596329
2014-07-24,4022427
2014-07-25,3362632
2014-07-28,2206871
2014-07-29,4897834
2014-07-30,7171944
2014-07-31,5345605
2014-08-01,4625057
2014-08-04,3197713
2014-08-05,4599538
2014-08-06,3311312
2014-08-07,5471126
2014-08-08,3713398
2014-08-11,3460399
2014-08-12,3206150
2014-08-13,3049868
2014-08-14,2241095
2014-08-15,2442721
2014-08-18,2795757
2014-08-19,3549430
2014-08-20,2579624
2014-08-21,2648527
2014-08-22,2089466
2014-08-25,1988101
2014-08-26,2269197
2014-08-27,5804220
2014-08-28,2753827
2014-08-29,3297485
2014-09-02,3726067
2014-09-03,2824458
2014-09-04,3650146
2014-09-05,3873450
2014-09-08,2298199
2014-09-09,4413984
2014-09-10,3355823
2014-09-11,3035393
2014-09-12,2582410
2014-09-15,2441860
2014-09-16,2973828
2014-09-17,3302717
2014-09-18,2583988
2014-09-19,6486285
2014-09-22,2335394
2014-09-23,2640243
2014-09-24,2661475
2014-09-25,3657085
2014-09-26,2260493
2014-09-29,3114772
2014-09-30,2843214
2014-10-01,4140232
2014-10-02,3046995
2014-10-03,3108080
2014-10-06,2596071
2014-10-07,3416980
2014-10-08,4791144
2014-10-09,4432816
2014-10-10,4036846
2014-10-13,3677943
2014-10-14,5929537
2014-10-15,8308870
2014-10-16,10233059
2014-10-17,8532850
2014-10-20,4895885
2014-10-21,5882176
2014-10-22,4290410
2014-10-23,3159178
2014-10-24,2977336
2014-10-27,3948931
2014-10-28,4751011
2014-10-29,4330718
2014-10-30,2836374
2014-10-31,5031542
2014-11-03,4004311
2014-11-04,4437644
2014-11-05,3454715
2014-11-06,3743249
2014-11-07,6155418
2014-11-10,4087673
2014-11-11,2291363
2014-11-12,2897661
2014-11-13,2767673
2014-11-14,2709574
2014-11-17,3297638
2014-11-18,4320839
2014-11-19,3433847
2014-11-20,3316654
2014-11-21,4408560
2014-11-24,3998787
2014-11-25,4066251
2014-11-26,2765874
2014-11-28,2177486
2014-12-01,4892834
2014-12-02,5297240
2014-12-03,6689029
2014-12-04,4089785
2014-12-05,3104852
2014-12-08,3085821
2014-12-09,3792238
2014-12-10,3908657
2014-12-11,2940571
2014-12-12,3086461
2014-12-15,3649272
2014-12-16,4843791
2014-12-17,6235009
2014-12-18,4681027
2014-12-19,7986510
2014-12-22,2398129
2014-12-23,3036241
2014-12-24,951739
2014-12-26,2019916
2014-12-29,1708084
2014-12-30,1767578
2014-12-31,2313864
2015-01-02,3070081
2015-01-05,4684055
2015-01-06,3468294
2015-01-07,3225790
2015-01-08,5346136
2015-01-09,3397568
2015-01-12,3051543
2015-01-13,3856451
2015-01-14,4725606
2015-01-15,5888889
2015-01-16,6045454
2015-01-20,6526776
2015-01-21,8293677
2015-01-22,8055198
2015-01-23,5255967
2015-01-26,4203420
2015-01-27,4718269
2015-01-28,6633549
2015-01-29,4912269
2015-01-30,5397460
2015-02-02,4657062
2015-02-03,4192622
2015-02-04,4768858
2015-02-05,3297724
2015-02-06,3661416
2015-02-09,3909714
2015-02-10,5437375
2015-02-11,3798477
2015-02-12,3378023
2015-02-13,3727640
2015-02-17,3430589
2015-02-18,2958730
2015-02-19,2674820
2015-02-20,4647067
2015-02-23,7059978
2015-02-24,3582753
2015-02-25,3845920
2015-02-26,3126809
2015-02-27,4016356
2015-03-02,2952183
2015-03-03,3163749
2015-03-04,3180942
2015-03-05,2941428
2015-03-06,3196855
2015-03-09,3942031
2015-03-10,3957926
2015-03-11,2593672
2015-03-12,3258580
2015-03-13,3066826
2015-03-16,4692162
2015-03-17,3303518
2015-03-18,5533519
2015-03-19,4032485
2015-03-20,7195722
2015-03-23,4576531
2015-03-24,3054689
2015-03-25,3385513
2015-03-26,2856404
2015-03-27,2608526
2015-03-30,5178532
2015-03-31,4573089
2015-04-01,4826179
2015-04-02,2497135
2015-04-06,2544720
2015-04-07,2528472
2015-04-08,2626960
2015-04-09,2247228
2015-04-10,2232569
2015-04-13,3961024
2015-04-14,3208819
2015-04-15,7343997
2015-04-16,7068037
2015-04-17,4389960
2015-04-20,4651035
2015-04-21,3379795
2015-04-22,3846694
2015-04-23,3244285
2015-04-24,3139223
2015-04-27,5174300
2015-04-28,4144846
2015-04-29,7122620
2015-04-30,6705565
2015-05-01,5805060
2015-05-04,3531451
2015-05-05,3960443
2015-05-06,3369777
2015-05-07,3300160
2015-05-08,3065991
2015-05-11,3376389
2015-05-12,3844554
2015-05-13,3667715
2015-05-14,4771391
2015-05-15,3083804
2015-05-18,2824661
2015-05-19,3554852
2015-05-20,3379166
2015-05-21,2983475
2015-05-22,2945924
2015-05-26,3014507
2015-05-27,2887650
2015-05-28,2873631
2015-05-29,6019926
2015-06-01,3876398
2015-06-02,4219463
2015-06-03,3438063
2015-06-04,3300333
2015-06-05,2724464
2015-06-08,3271253
2015-06-09,3047335
2015-06-10,4006416
2015-06-11,3815604
2015-06-12,3076621
2015-06-15,6809507
2015-06-16,7229358
2015-06-17,4805900
2015-06-18,3478319
2015-06-19,4178666
2015-06-22,4435575
2015-06-23,4991031
2015-06-24,4650530
2015-06-25,6149545
2015-06-26,16358215
2015-06-29,3603962
2015-06-30,4982584
2015-07-01,3269320
2015-07-02,3682344
2015-07-06,6522842
2015-07-07,6476201
2015-07-08,4009815
2015-07-09,3315646
2015-07-10,4033477
2015-07-13,3766898
2015-07-14,4192391
2015-07-15,5067255
2015-07-16,7216574
2015-07-17,3702747
2015-07-20,3199739
2015-07-21,4239093
2015-07-22,3385846
2015-07-23,4896078
2015-07-24,3840567
2015-07-27,3752304
2015-07-28,5216853
2015-07-29,3924387
2015-07-30,3732435
2015-07-31,3592980
2015-08-03,2541250
2015-08-04,2058219
2015-08-05,3831948
2015-08-06,3014880
2015-08-07,2276284
2015-08-10,2479950
2015-08-11,2755968
2015-08-12,3050323
2015-08-13,3253372
2015-08-14,2040515
2015-08-17,2951800
2015-08-18,4140190
2015-08-19,3411490
2015-08-20,3181679
2015-08-21,5608888
2015-08-24,8681376
2015-08-25,8088307
2015-08-26,7416963
2015-08-27,5755709
2015-08-28,3323308
2015-08-31,4062003
2015-09-01,4614079
2015-09-02,4488967
2015-09-03,3129697
2015-09-04,3355852
2015-09-08,3972114
2015-09-09,3724093
2015-09-10,4415971
2015-09-11,3731552
2015-09-14,2679300
2015-09-15,3040074
2015-09-16,3464305
2015-09-17,5371006
2015-09-18,7426466
2015-09-21,3466027
2015-09-22,4449584
2015-09-23,3124454
2015-09-24,4683586
2015-09-25,8049432
2015-09-28,5637152
2015-09-29,5103082
2015-09-30,4632366
2015-10-01,3752508
2015-10-02,3470133
2015-10-05,3427139
2015-10-06,4624158
2015-10-07,4282728
2015-10-08,3644204
2015-10-09,4427613
2015-10-12,5834799
2015-10-13,6638359
2015-10-14,5563109
2015-10-15,7997331
2015-10-16,4412342
2015-10-19,3688508
2015-10-20,3273501
2015-10-21,5305639
2015-10-22,10469756
2015-10-23,5497462
2015-10-26,3304206
2015-10-27,4008191
2015-10-28,4343414
2015-10-29,3150911
2015-10-30,4207853
2015-11-02,3862713
2015-11-03,2749472
2015-11-04,5396068
2015-11-05,3986707
2015-11-06,4094218
2015-11-09,2752367
2015-11-10,2841802
2015-11-11,2352695
2015-11-12,3307361
2015-11-13,3647787
2015-11-16,2436879
2015-11-17,1966761
2015-11-18,3291038
2015-11-19,15513519
2015-11-20,7052290
2015-11-23,3777261
2015-11-24,3155788
2015-11-25,2959195
2015-11-27,1740403
2015-11-30,4299149
2015-12-01,5407396
2015-12-02,5838460
2015-12-03,4287079
2015-12-04,3588162
2015-12-07,3164319
2015-12-08,3551921
2015-12-09,3839106
2015-12-10,3202595
2015-12-11,3830823
2015-12-14,3851284
2015-12-15,3124083
2015-12-16,3516898
2015-12-17,3945750
2015-12-18,7574811
2015-12-21,3185166
2015-12-22,2821566
2015-12-23,2479615
2015-12-24,900064
2015-12-28,1582598
2015-12-29,2027647
2015-12-30,1747681
2015-12-31,2372492
2016-01-04,4969613
2016-01-05,2816752
2016-01-06,2677303
2016-01-07,5277249
2016-01-08,4422365
2016-01-11,4525815
2016-01-12,4037787
2016-01-13,3376913
2016-01-14,4208791
2016-01-15,5946148
2016-01-19,7120947
2016-01-20,8365605
2016-01-21,5413090
2016-01-22,3622152
2016-01-25,2892609
2016-01-26,4592486
2016-01-27,4690397
2016-01-28,3525150
2016-01-29,5241842
2016-02-01,4332709
2016-02-02,2989162
2016-02-03,3461931
2016-02-04,3589899
2016-02-05,3309283
2016-02-08,5026333
2016-02-09,3564803
2016-02-10,3023338
2016-02-11,3908616
2016-02-12,2543536
2016-02-16,3365403
2016-02-17,4461887
2016-02-18,3806216
2016-02-19,4451355
2016-02-22,5029285
2016-02-23,2784206
2016-02-24,2559486
2016-02-25,2281381
2016-02-26,2877486
2016-02-29,4496081
2016-03-01,3292264
2016-03-02,2661030
2016-03-03,3064146
2016-03-04,2873930
2016-03-07,2313845
2016-03-08,2507343
2016-03-09,2093962
2016-03-10,2638229
2016-03-11,3707721
2016-03-14,2856220
2016-03-15,2610268
2016-03-16,2136318
2016-03-17,3906258
2016-03-18,6949624
2016-03-21,2664252
2016-03-22,3819519
2016-03-23,6086464
2016-03-24,4153996
2016-03-28,1955092
2016-03-29,2431665
2016-03-30,2570225
2016-03-31,3162308
2016-04-01,3901675
2016-04-04,2802454
2016-04-05,4016514
2016-04-06,3003671
2016-04-07,3160894
2016-04-08,3642293
2016-04-11,3112946
2016-04-12,2876993
2016-04-13,2591823
2016-04-14,1674530
2016-04-15,2827152
2016-04-18,2715129
2016-04-19,4293572
2016-04-20,7246739
2016-04-21,3770767
2016-04-22,2762980
2016-04-25,2700587
2016-04-26,2604515
2016-04-27,3344041
2016-04-28,3279238
2016-04-29,4159966
2016-05-02,2887728
2016-05-03,3615549
2016-05-04,2908860
2016-05-05,2054684
2016-05-06,2615694
2016-05-09,2191779
2016-05-10,2223527
2016-05-11,3440672
2016-05-12,3207819
2016-05-13,3117072
2016-05-16,2220320
2016-05-17,2294547
2016-05-18,2246649
2016-05-19,2755599
2016-05-20,2538163
2016-05-23,3033052
2016-05-24,2687587
2016-05-25,2211048
2016-05-26,1499258
2016-05-27,1829480
2016-05-31,3634146
2016-06-01,2618138
2016-06-02,4015018
2016-06-03,3625603
2016-06-06,2960016
2016-06-07,2943165
2016-06-08,6180785
2016-06-09,3682420
2016-06-10,2805779
2016-06-13,2813615
2016-06-14,2970691
2016-06-15,2369365
2016-06-16,3176122
2016-06-17,4430918
2016-06-20,3731651
2016-06-21,2021426
2016-06-22,2375253
2016-06-23,2646815
2016-06-24,4475066
2016-06-27,4026435
2016-06-28,4160163
2016-06-29,3704526
2016-06-30,4730819
2016-07-01,2882458
2016-07-05,3749293
2016-07-06,4083326
2016-07-07,3515540
2016-07-08,3605502
2016-07-11,4083998
2016-07-12,4310135
2016-07-13,3164735
2016-07-14,3000678
2016-07-15,3748675
2016-07-18,4166290
2016-07-19,5326204
2016-07-20,5489808
2016-07-21,3502312
2016-07-22,2697500
2016-07-25,2725566
2016-07-26,2668125
2016-07-27,2684093
2016-07-28,2517003
2016-07-29,3269716
2016-08-01,2494874
2016-08-02,2679144
2016-08-03,1963586
2016-08-04,1890880
2016-08-05,2000143
2016-08-08,1846428
2016-08-09,2140652
2016-08-10,1866291
2016-08-11,1857522
2016-08-12,1787907
2016-08-15,2369632
2016-08-16,1688497
2016-08-17,1849066
2016-08-18,1572687
2016-08-19,1950174
2016-08-22,1588064
2016-08-23,2295478
2016-08-24,2529814
2016-08-25,3891031
2016-08-26,3082388
2016-08-29,2315890
2016-08-30,2026603
2016-08-31,2837267
2016-09-01,2765361
2016-09-02,2375531
2016-09-06,2242382
2016-09-07,2816745
2016-09-08,2826741
2016-09-09,3322258
2016-09-12,3457351
2016-09-13,3331542
2016-09-14,4592442
2016-09-15,3332592
2016-09-16,7421871
2016-09-19,3239511
2016-09-20,2425739
2016-09-21,3506621
2016-09-22,3018312
2016-09-23,2801957
2016-09-26,2636458
2016-09-27,3048640
2016-09-28,1990377
2016-09-29,2200954
2016-09-30,4164080
2016-10-03,2724399
2016-10-04,2452575
2016-10-05,4625613
2016-10-06,4025313
2016-10-07,2568703
2016-10-10,2585956
2016-10-11,3353588
2016-10-12,4287909
2016-10-13,3425680
2016-10-14,3452918
2016-10-17,3602532
2016-10-18,10141914
2016-10-19,5796032
2016-10-20,5203669
2016-10-21,3331766
2016-10-24,2930159
2016-10-25,3095384
2016-10-26,3267632
2016-10-27,3358006
2016-10-28,4033636
2016-10-31,3761070
2016-11-01,3391410
2016-11-02,3149707
2016-11-03,2989689
2016-11-04,3520746
2016-11-07,3896555
2016-11-08,4389253
2016-11-09,8042434
2016-11-10,6075842
2016-11-11,4475449
2016-11-14,5740425
2016-11-15,4910721
2016-11-16,3899008
2016-11-17,4672899
2016-11-18,5664818
2016-11-21,3867791
2016-11-22,4992120
2016-11-23,2838847
2016-11-25,1664542
2016-11-28,5029589
2016-11-29,5827435
2016-11-30,7142369
2016-12-01,5250234
2016-12-02,3480032
2016-12-05,5854226
2016-12-06,3216730
2016-12-07,4552337
2016-12-08,3407518
2016-12-09,4007213
2016-12-12,3471430
2016-12-13,3868877
2016-12-14,3885652
2016-12-15,4422949
2016-12-16,7605257
2016-12-19,4732617
2016-12-20,3131151
2016-12-21,2768116
2016-12-22,2741712
2016-12-23,2044472
2016-12-27,1343985
2016-12-28,1669089
2016-12-29,2476270
2016-12-30,2855637
2017-01-03,3540336
2017-01-04,2695217
2017-01-05,2961074
2017-01-06,3081255
2017-01-09,3041537
2017-01-10,3500741
2017-01-11,3330608
2017-01-12,2555893
2017-01-13,3183274
2017-01-17,5475764
2017-01-18,6591624
2017-01-19,4976871
2017-01-20,3579145
2017-01-23,4062638
2017-01-24,3514096
2017-01-25,3605753
2017-01-26,4202402
2017-01-27,3110360
2017-01-30,2784550
2017-01-31,3036991
2017-02-01,3718557
2017-02-02,4714006
2017-02-03,2762478
2017-02-06,3479420
2017-02-07,2942701
2017-02-08,2339728
2017-02-09,3056783
2017-02-10,1905884
2017-02-13,3275839
2017-02-14,2969704
2017-02-15,4537859
2017-02-16,3191646
2017-02-17,12033638
2017-02-21,5419013
2017-02-22,2725286
2017-02-23,2460188
2017-02-24,2715668
2017-02-27,4071804
2017-02-28,4382055
2017-03-01,3514174
2017-03-02,1889796
2017-03-03,2254393
2017-03-06,2576499
2017-03-07,2702294
2017-03-08,2048154
2017-03-09,3631873
2017-03-10,3716639
2017-03-13,3130164
2017-03-14,2522844
2017-03-15,2807585
2017-03-16,3138566
2017-03-17,5622866
2017-03-20,3928639
2017-03-21,4953057
2017-03-22,2999769
2017-03-23,3947412
2017-03-24,5243877
2017-03-27,4383024
2017-03-28,7327109
2017-03-29,5900387
2017-03-30,2993828
2017-03-31,3496122
2017-04-03,3473710
2017-04-04,2885978
2017-04-05,3541623
2017-04-06,2923993
2017-04-07,2928086
2017-04-10,3234913
2017-04-11,3172925
2017-04-12,2978737
2017-04-13,1979846
2017-04-17,4396665
2017-04-18,5526173
2017-04-19,4703352
2017-04-20,3652173
2017-04-21,2982272
2017-04-24,2830275
2017-04-25,3394671
2017-04-26,2817457
2017-04-27,2438545
2017-04-28,2010757
2017-05-01,2709907
2017-05-02,4951025
2017-05-03,3622309
2017-05-04,2585202
2017-05-05,2188959
2017-05-08,2506098
2017-05-09,1653715
2017-05-10,1568799
2017-05-11,1901252
2017-05-12,2335410
2017-05-15,2831366
2017-05-16,4343720
2017-05-17,4442292
2017-05-18,3908022
2017-05-19,3877349
2017-05-22,3480347
2017-05-23,2471685
2017-05-24,1653699
2017-05-25,3212199
2017-05-26,1583631
2017-05-30,2285677
2017-05-31,3320408
2017-06-01,2890588
2017-06-02,2610140
2017-06-05,2640609
2017-06-06,3443854
2017-06-07,3783753
2017-06-08,3079934
2017-06-09,2392652
2017-06-12,3705616
2017-06-13,2458473
2017-06-14,2039889
2017-06-15,3078699
2017-06-16,4473267
2017-06-19,3887064
2017-06-20,2742596
2017-06-21,2866278
2017-06-22,3841326
2017-06-23,3438489
2017-06-26,2327524
2017-06-27,2682752
2017-06-28,2451211
2017-06-29,2193573
2017-06-30,2391965
2017-07-03,2087013
2017-07-05,2587433
2017-07-06,1844743
2017-07-07,2252496
2017-07-10,2611955
2017-07-11,2664472
2017-07-12,3342837
2017-07-13,2379349
2017-07-14,2716727
2017-07-17,2444621
2017-07-18,4235849
2017-07-19,3401646
2017-07-20,3099616
2017-07-21,4911549
2017-07-24,2356497
2017-07-25,1960052
2017-07-26,2683468
2017-07-27,2631353
2017-07-28,1925049
2017-07-31,3776476
2017-08-01,3336771
2017-08-02,2464350
2017-08-03,2886100
2017-08-04,2892259
2017-08-07,2074754
2017-08-08,1741007
2017-08-09,2125851
2017-08-10,2698646
2017-08-11,2210720
2017-08-14,2322000
2017-08-15,1595189
2017-08-16,1881640
2017-08-17,2440930
2017-08-18,2858501
2017-08-21,1930478
2017-08-22,2021865
2017-08-23,1547001
2017-08-24,1923668
2017-08-25,1374959
2017-08-28,2009912
2017-08-29,2072225
2017-08-30,1506690
2017-08-31,2990177
2017-09-01,2242195
2017-09-05,2701585
2017-09-06,3040218
2017-09-07,2684599
2017-09-08,2205962
2017-09-11,3307919
2017-09-12,2554695
2017-09-13,2394409
2017-09-14,2378644
2017-09-15,4198691
2017-09-18,1915478
2017-09-19,3818982
2017-09-20,2788463
2017-09-21,1894964
2017-09-22,5660220
2017-09-25,3105892
2017-09-26,2775350
2017-09-27,3218558
2017-09-28,2088374
2017-09-29,2646297
2017-10-02,2893553
2017-10-03,2533804
2017-10-04,2286385
2017-10-05,4068977
2017-10-06,3361896
2017-10-09,3365386
2017-10-10,2499815
2017-10-11,200930
2017-10-12,2954744
2017-10-13,5435003
2017-10-16,2927432
2017-10-17,8949715
2017-10-18,4796337
2017-10-19,3471790
2017-10-20,5138814
2017-10-23,2261386
2017-10-24,3459875
2017-10-25,2908292
2017-10-26,4345993
2017-10-27,4385348
2017-10-30,2477364
2017-10-31,3749641
2017-11-01,1902858
2017-11-02,2825932
2017-11-03,2197061
2017-11-06,2293688
2017-11-07,1845805
2017-11-08,2261829
2017-11-09,1839704
2017-11-10,1384718
2017-11-13,2662195
2017-11-14,1993916
2017-11-15,1816332
2017-11-16,1919644
2017-11-17,1887529
2017-11-20,2040368
2017-11-21,2327411
2017-11-22,2257897
2017-11-24,743961
2017-11-27,2856277
2017-11-28,2905679
2017-11-29,4247248
2017-11-30,6846394
2017-12-01,3326098
2017-12-04,5591486
2017-12-05,3246315
2017-12-06,2397451
2017-12-07,2661839
2017-12-08,2233273
2017-12-11,1599464
2017-12-12,2294112
2017-12-13,3059427
2017-12-14,2811707
2017-12-15,6293391
2017-12-18,3194085
2017-12-19,2340219
2017-12-20,2633241
2017-12-21,2955289
2017-12-22,1959734
2017-12-26,1482438
2017-12-27,1861932
2017-12-28,1452571
2017-12-29,2350169
